FUZZ,url,redirectlocation,position,status_code,content_length,content_words,content_lines,content_type,resultfile
check-email,http://bolt.htb/check-email,,4472,200,7331,1224,147,text/html; charset=utf-8,
contact,http://bolt.htb/contact,,5173,200,26293,10060,468,text/html; charset=utf-8,
download,http://bolt.htb/download,,6362,200,18570,5374,346,text/html; charset=utf-8,
login,http://bolt.htb/login,,11057,200,9287,2135,173,text/html; charset=utf-8,
logout,http://bolt.htb/logout,http://bolt.htb/,11080,302,209,22,4,text/html; charset=utf-8,
pricing,http://bolt.htb/pricing,,14337,200,31731,11055,549,text/html; charset=utf-8,
register,http://bolt.htb/register,,15176,200,11038,3053,199,text/html; charset=utf-8,
services,http://bolt.htb/services,,16237,200,22443,7170,405,text/html; charset=utf-8,
sign-in,http://bolt.htb/sign-in,,16507,200,9287,2135,173,text/html; charset=utf-8,
sign-up,http://bolt.htb/sign-up,,16509,200,11038,3053,199,text/html; charset=utf-8,
