FUZZ,url,redirectlocation,position,status_code,content_length,content_words,content_lines,content_type,resultfile
app,https://demo.bolt.htb/app,/auth/login?redirect=%2Fapp,2449,302,0,1,1,text/html; charset=UTF-8,
css,https://demo.bolt.htb/css,https://demo.bolt.htb/css/,5518,301,178,6,8,text/html,
favicon.ico,https://demo.bolt.htb/favicon.ico,,7429,200,318,2,1,image/x-icon,
fonts,https://demo.bolt.htb/fonts,https://demo.bolt.htb/fonts/,7797,301,178,6,8,text/html,
groups,https://demo.bolt.htb/groups,/auth/login?redirect=%2Fgroups,8645,302,0,1,1,text/html; charset=UTF-8,
healthcheck,https://demo.bolt.htb/healthcheck,,8824,403,3738,773,88,text/html; charset=UTF-8,
img,https://demo.bolt.htb/img,https://demo.bolt.htb/img/,9466,301,178,6,8,text/html,
js,https://demo.bolt.htb/js,https://demo.bolt.htb/js/,10193,301,178,6,8,text/html,
locales,https://demo.bolt.htb/locales,https://demo.bolt.htb/locales/,11009,301,178,6,8,text/html,
login,https://demo.bolt.htb/login,https://passbolt.bolt.htb/auth/login,11057,301,0,1,1,text/html; charset=UTF-8,
logout,https://demo.bolt.htb/logout,https://passbolt.bolt.htb/auth/logout,11080,301,0,1,1,text/html; charset=UTF-8,
recover,https://demo.bolt.htb/recover,https://passbolt.bolt.htb/users/recover,15094,301,0,1,1,text/html; charset=UTF-8,
register,https://demo.bolt.htb/register,https://passbolt.bolt.htb/users/register,15176,301,0,1,1,text/html; charset=UTF-8,
resources,https://demo.bolt.htb/resources,/auth/login?redirect=%2Fresources,15387,302,0,1,1,text/html; charset=UTF-8,
roles,https://demo.bolt.htb/roles,/auth/login?redirect=%2Froles,15572,302,0,1,1,text/html; charset=UTF-8,
users,https://demo.bolt.htb/users,/auth/login?redirect=%2Fusers,18911,302,0,1,1,text/html; charset=UTF-8,
